CCC,Defect Density
2.621901694,7.41E-03
5.015441198,4.93E-04
2.380722917,5.03E-03
2.224165117,9.70E-03
