PLC,CodeChurn
332.7027598,0.013734361
569.7934999,0.003971518
765.3594736,0.011125062
734.1190874,0.026951238
