PLC,CodeChurn
41.09725389,0.092791582
255.7830503,0.088651464
208.1859908,0.048348713
70.8468925,0.047300744
41.59095238,0.065732044
673.3350971,0.078119671
78.31867844,0.011668925
461.3574861,0.013734361
369.2940307,0.013734361
