RCC,CCL,PLC,Vulnerableness
131.3240757,382.5574335,332.7027598,9.00E-01
301.5368825,528.3221915,569.7934999,1.80E-01
128.9973921,863.390885,765.3594736,0.179764508
29.45350816,717.6981363,734.1190874,0.512222007
